<?xml version="1.0" encoding="UTF-8" standalone="yes"?>
        <addon id="plugin.video.tester.joynews" name="JOY News Tester" version="0.0.1" provider-name="Dubtel.com">
            <requires>
                <import addon="xbmc.python" version="2.1.0"/>
            </requires>
            <extension point="xbmc.python.pluginsource" library="default.py">
                <provides>video</provides>
            </extension>
            <extension point="xbmc.addon.metadata">
                <summary lang="en">News plugin maintaned by Dubtel for JOY News</summary>
                <description lang="en">News plugin maintaned by Dubtel for JOY News</description>
                <language></language>
                <disclaimer lang="en">Use it at own risk</disclaimer>
                <platform>all</platform>
                <email></email>
                <website>www.dubtel.com</website>
                <license></license>
                <forum></forum>
                <source></source>
            </extension>
        </addon>