<?xml version="1.0" encoding="UTF-8" standalone="yes" ?>
        <addon id="plugin.video.training.resources.wellvibe" name="WellVibe Training Resources" version="1.0.0" provider-name="Dubtel.net">
           <requires>
               <import addon="xbmc.python" version="2.1.0"/>
               <import addon="script.module.beautifulsoup" version="3.0.8" />
	           <import addon="script.module.urlresolver"  version="1.0.0"/>
	           <import addon="script.module.t0mm0.common" version="1.1.0"/>
	           <import addon="script.module.metahandler"  version="1.0.0"/>
	           <import addon="script.module.requests"  version="1.1.0"/>
           </requires>
           <extension point="xbmc.python.pluginsource" library="test.py">
               <provides>video</provides>
           </extension>
           <extension point="xbmc.addon.metadata">
               <summary lang="en">Employee Training video plugin for WellVibe</summary>
               <description lang="en">Employee Training video plugin for WellVibe</description>
               <disclaimer lang="en">Use it at your own risk</disclaimer>
               <platform>all</platform>
               <email></email>
               <website></website>
               <forum></forum>
               <source></source>
               <language></language>
               <license></license>
           </extension>
        </addon>