<?xml version="1.0" encoding="UTF-8" standalone="yes"?>
        <addon id="plugin.video.ghtv.sample.movies" name="Sample Movies" version="0.0.1" provider-name="Dubtel.com">
            <requires>
                <import addon="xbmc.python" version="2.1.0"/>
            </requires>
            <extension point="xbmc.python.pluginsource" library="default.py">
                <provides>video</provides>
            </extension>
            <extension point="xbmc.addon.metadata">
                <summary lang="en">Movies plugin maintaned by Dubtel for sample movies from Youtube</summary>
                <description lang="en">Movies plugin maintaned by Dubtel for sample movies from Youtube</description>
                <language></language>
                <disclaimer lang="en">Use it at own risk</disclaimer>
                <platform>all</platform>
                <email></email>
                <website>www.dubtel.com</website>
                <license></license>
                <forum></forum>
                <source></source>
            </extension>
        </addon>