<?xml version="1.0" encoding="UTF-8" standalone="yes"?>
        <addon id="plugin.video.ghtv.sports" name="GHTV Sports" version="0.0.1" provider-name="Dubtel.com">
            <requires>
                <import addon="xbmc.python" version="2.1.0"/>
            </requires>
            <extension point="xbmc.python.pluginsource" library="sports.py">
                <provides>video</provides>
            </extension>
            <extension point="xbmc.addon.metadata">
                <summary lang="en"></summary>
                <description lang="en"></description>
                <language></language>
                <disclaimer lang="en"></disclaimer>
                <platform>all</platform>
                <email></email>
                <website>www.dubtel.com</website>
                <license></license>
                <forum></forum>
                <source></source>
            </extension>
</addon>